ActionGeo_CountryCode,media_coverage,media_attention
MK,11,0.02892149129726035
BN,11,0.02892149129726035
EC,11,0.02892149129726035
VU,11,0.02892149129726035
