ActionGeo_CountryCode,media_coverage,media_attention
GL,6,0.015775358889414736
TG,6,0.015775358889414736
WS,6,0.015775358889414736
BZ,6,0.015775358889414736
