ActionGeo_CountryCode,media_coverage,media_attention
PT,28,0.07361834148393542
LR,28,0.07361834148393542
ML,28,0.07361834148393542
PR,28,0.07361834148393542
