ActionGeo_CountryCode,media_coverage,media_attention
CG,14,0.03680917074196771
CM,14,0.03680917074196771
DJ,14,0.03680917074196771
LV,14,0.03680917074196771
TJ,14,0.03680917074196771
