ActionGeo_CountryCode,media_coverage,media_attention
MD,15,0.039438397223536835
BO,15,0.039438397223536835
LU,15,0.039438397223536835
