ActionGeo_CountryCode,media_coverage,media_attention
DZ,39,0.10253983278119577
SL,39,0.10253983278119577
TW,39,0.10253983278119577
