ActionGeo_CountryCode,media_coverage,media_attention
AZ,18,0.047326076668244205
PG,18,0.047326076668244205
MT,18,0.047326076668244205
