ActionGeo_CountryCode,media_coverage,media_attention
NR,16,0.04206762370510596
CK,16,0.04206762370510596
SI,16,0.04206762370510596
