ActionGeo_CountryCode,media_coverage,media_attention
US,15305,40.240311300415414
AU,1752,4.6064047957091026
