ActionGeo_CountryCode,media_coverage,media_attention
FI,36,0.09465215333648841
NE,36,0.09465215333648841
TT,36,0.09465215333648841
AR,36,0.09465215333648841
