ActionGeo_CountryCode,media_coverage,media_attention
HR,12,0.03155071777882947
BH,12,0.03155071777882947
SN,12,0.03155071777882947
