ActionGeo_CountryCode,media_coverage,media_attention
MC,7,0.018404585370983856
BF,7,0.018404585370983856
GA,7,0.018404585370983856
CD,7,0.018404585370983856
