ActionGeo_CountryCode,media_coverage,media_attention
LT,21,0.05521375611295157
RO,21,0.05521375611295157
AL,21,0.05521375611295157
BJ,21,0.05521375611295157
