ActionGeo_CountryCode,media_coverage,media_attention
MW,13,0.03417994426039859
BY,13,0.03417994426039859
GT,13,0.03417994426039859
GN,13,0.03417994426039859
MZ,13,0.03417994426039859
