ActionGeo_CountryCode,media_coverage,media_attention
LB,122,0.32076563075143294
JO,122,0.32076563075143294
