ActionGeo_CountryCode,media_coverage,media_attention
RB,9,0.023663038334122102
MU,9,0.023663038334122102
CF,9,0.023663038334122102
