summary,GoldsteinScale
count,192874005
mean,0.5061066392518081
stddev,4.712788024455897
min,-10.0
max,10.0
