summary,GoldsteinScale
count,181166124
mean,0.5017049111448878
stddev,4.7151047118458465
min,-10.0
max,10.0
