ActionGeo_CountryCode,EventRootCode,Percentage of Events
EH,01,4.3988914793472045E-5
EI,01,0.0020234900804997143
EI,02,8.357893810759688E-4
