ActionGeo_CountryCode,EventRootCode,Percentage of Events
PE,02,1.7595565917388818E-4
PE,03,1.7595565917388818E-4
PE,18,4.3988914793472045E-5
