ActionGeo_CountryCode,EventRootCode,Percentage of Events
BR,02,3.959002331412484E-4
BR,03,1.7595565917388818E-4
BR,18,4.3988914793472045E-5
BR,19,5.278669775216645E-4
