ActionGeo_CountryCode,EventRootCode,Percentage of Events
HU,02,1.7595565917388818E-4
HU,03,1.3196674438041613E-4
HU,18,4.3988914793472045E-5
ID,01,0.0013196674438041615
