ActionGeo_CountryCode,EventRootCode,Percentage of Events
PR,01,2.6393348876083226E-4
PR,02,2.6393348876083226E-4
PR,03,1.3196674438041613E-4
PS,01,6.598337219020807E-4
