ActionGeo_CountryCode,EventRootCode,Percentage of Events
IN,01,0.010029472572911625
IN,02,0.006070470241499142
IN,03,0.0063783926450534465
