ActionGeo_CountryCode,EventRootCode,Percentage of Events
BF,01,5.278669775216645E-4
BF,02,4.3988914793472045E-5
BG,01,5.718558923151366E-4
