ActionGeo_CountryCode,EventRootCode,Percentage of Events
IL,18,6.598337219020807E-4
IL,19,0.002903268376369155
IL,20,2.1994457396736023E-4
IM,01,1.3196674438041613E-4
