ActionGeo_CountryCode,EventRootCode,Percentage of Events
CA,02,0.007610082259270664
CA,03,0.005850525667531782
CA,18,0.0015836009325649937
CA,19,0.004266924734966788
