ActionGeo_CountryCode,EventRootCode,Percentage of Events
KE,01,0.0014956231029780494
KE,02,0.0011437117846302732
KE,03,0.001055733955043329
