ActionGeo_CountryCode,EventRootCode,Percentage of Events
LC,18,4.3988914793472045E-5
LK,01,0.001979501165706242
LK,02,4.3988914793472047E-4
