ActionGeo_CountryCode,EventRootCode,Percentage of Events
EI,03,8.797782958694409E-4
EI,18,8.797782958694409E-5
EI,19,6.598337219020807E-4
ER,02,4.3988914793472045E-5
