ActionGeo_CountryCode,EventRootCode,Percentage of Events
NL,02,8.797782958694409E-5
NL,03,7.038226366955527E-4
NL,18,8.797782958694409E-5
