ActionGeo_CountryCode,EventRootCode,Percentage of Events
HK,02,8.797782958694409E-5
HK,03,2.1994457396736023E-4
HK,19,2.6393348876083226E-4
HN,01,1.7595565917388818E-4
