ActionGeo_CountryCode,EventRootCode,Percentage of Events
US,20,1.3196674438041613E-4
UY,01,8.797782958694409E-5
UY,03,8.797782958694409E-5
UY,19,4.3988914793472045E-5
