ActionGeo_CountryCode,EventRootCode,Percentage of Events
BW,01,1.7595565917388818E-4
BW,03,1.3196674438041613E-4
BY,01,3.079224035543043E-4
BY,02,2.6393348876083226E-4
