ActionGeo_CountryCode,EventRootCode,Percentage of Events
,01,0.007258170940922888
,02,0.004706813882901509
,03,0.005322658690010118
,18,0.00193551225091277
