ActionGeo_CountryCode,EventRootCode,Percentage of Events
CU,18,2.6393348876083226E-4
CU,19,2.1994457396736023E-4
CY,01,1.3196674438041613E-4
