ActionGeo_CountryCode,EventRootCode,Percentage of Events
AU,19,0.004970747371662341
AW,01,2.6393348876083226E-4
AZ,01,8.797782958694409E-5
AZ,02,8.797782958694409E-5
