ActionGeo_CountryCode,EventRootCode,Percentage of Events
RW,19,1.3196674438041613E-4
SA,01,0.004266924734966788
SA,02,0.0014956231029780494
