ActionGeo_CountryCode,EventRootCode,Percentage of Events
AF,02,7.038226366955527E-4
AF,03,6.158448071086086E-4
AF,18,2.6393348876083226E-4
AF,19,0.0025953459728148506
