ActionGeo_CountryCode,EventRootCode,Percentage of Events
BY,19,4.3988914793472045E-5
BZ,01,4.3988914793472045E-5
BZ,02,4.3988914793472045E-5
BZ,03,4.3988914793472045E-5
