ActionGeo_CountryCode,EventRootCode,Percentage of Events
CL,02,2.1994457396736023E-4
CL,03,4.3988914793472045E-5
CL,18,1.3196674438041613E-4
