ActionGeo_CountryCode,EventRootCode,Percentage of Events
CY,02,4.3988914793472045E-5
CY,03,2.6393348876083226E-4
CZ,01,4.3988914793472045E-5
CZ,02,8.797782958694409E-5
