ActionGeo_CountryCode,EventRootCode,Percentage of Events
NG,02,0.002243434654467074
NG,03,0.0025953459728148506
NG,18,0.0010997228698368011
NG,19,0.0032991686095104034
