ActionGeo_CountryCode,EventRootCode,Percentage of Events
MY,01,0.0014076452733911054
MY,02,5.278669775216645E-4
MY,03,3.079224035543043E-4
MY,18,1.3196674438041613E-4
