ActionGeo_CountryCode,EventRootCode,Percentage of Events
CG,02,4.3988914793472045E-5
CH,01,0.0014076452733911054
CH,02,7.478115514890247E-4
CH,03,0.0011437117846302732
