ActionGeo_CountryCode,EventRootCode,Percentage of Events
TN,19,8.357893810759688E-4
TO,01,8.797782958694409E-5
TO,03,4.3988914793472045E-5
TO,19,4.3988914793472045E-5
