ActionGeo_CountryCode,EventRootCode,Percentage of Events
MM,19,4.3988914793472045E-5
MM,20,4.3988914793472045E-5
MN,01,2.6393348876083226E-4
MN,02,1.3196674438041613E-4
