ActionGeo_CountryCode,EventRootCode,Percentage of Events
BG,02,8.797782958694409E-5
BG,19,4.3988914793472045E-5
BH,01,4.3988914793472047E-4
BH,03,2.1994457396736023E-4
