ActionGeo_CountryCode,EventRootCode,Percentage of Events
GQ,18,4.3988914793472045E-5
GR,01,0.0013196674438041615
GR,02,5.278669775216645E-4
GR,03,7.478115514890247E-4
