ActionGeo_CountryCode,EventRootCode,Percentage of Events
DZ,01,3.5191131834777636E-4
DZ,02,1.3196674438041613E-4
DZ,03,5.278669775216645E-4
DZ,18,1.3196674438041613E-4
