ActionGeo_CountryCode,EventRootCode,Percentage of Events
GH,01,0.0027273127171952667
GH,02,8.797782958694409E-4
GH,03,2.6393348876083226E-4
