ActionGeo_CountryCode,EventRootCode,Percentage of Events
SD,01,4.838780627281925E-4
SD,02,1.3196674438041613E-4
SD,03,2.1994457396736023E-4
