ActionGeo_CountryCode,EventRootCode,Percentage of Events
MN,03,1.7595565917388818E-4
MN,19,1.7595565917388818E-4
MO,01,8.797782958694409E-5
