ActionGeo_CountryCode,EventRootCode,Percentage of Events
MQ,01,4.3988914793472045E-5
MT,01,2.6393348876083226E-4
MT,02,8.797782958694409E-5
MT,03,1.3196674438041613E-4
