ActionGeo_CountryCode,EventRootCode,Percentage of Events
FJ,19,4.3988914793472045E-5
FR,01,0.005718558923151366
FR,02,0.0021994457396736023
FR,03,0.002903268376369155
