ActionGeo_CountryCode,EventRootCode,Percentage of Events
IT,03,0.0012756785290106893
IT,18,4.3988914793472047E-4
IT,19,9.67756125456385E-4
