ActionGeo_CountryCode,EventRootCode,Percentage of Events
BD,03,2.6393348876083226E-4
BD,18,3.079224035543043E-4
BD,19,5.718558923151366E-4
BE,01,9.237672106629129E-4
