ActionGeo_CountryCode,EventRootCode,Percentage of Events
CM,19,4.3988914793472045E-5
CN,01,0.007874015748031496
CN,02,0.0044428803941406764
CN,03,0.005718558923151366
