ActionGeo_CountryCode,EventRootCode,Percentage of Events
EG,02,0.0014076452733911054
EG,03,0.001891523336119298
EG,18,6.598337219020807E-4
EG,19,9.67756125456385E-4
