ActionGeo_CountryCode,EventRootCode,Percentage of Events
BS,01,0.0010997228698368011
BS,02,4.3988914793472047E-4
BS,03,7.038226366955527E-4
BS,18,4.3988914793472045E-5
