ActionGeo_CountryCode,EventRootCode,Percentage of Events
PH,03,4.838780627281925E-4
PH,18,3.079224035543043E-4
PH,19,0.0025513570580213787
