ActionGeo_CountryCode,EventRootCode,Percentage of Events
NR,01,8.797782958694409E-5
NR,02,1.7595565917388818E-4
NR,19,4.3988914793472045E-5
NZ,01,0.0027273127171952667
