ActionGeo_CountryCode,EventRootCode,Percentage of Events
,19,0.0032551796947169315
AE,01,2.6393348876083226E-4
AE,02,5.718558923151366E-4
AE,03,5.718558923151366E-4
