ActionGeo_CountryCode,EventRootCode,Percentage of Events
UZ,01,8.797782958694409E-5
VA,01,1.3196674438041613E-4
VA,02,4.3988914793472045E-5
