ActionGeo_CountryCode,EventRootCode,Percentage of Events
YE,01,0.0013636563585976333
YE,02,4.838780627281925E-4
YE,03,2.1994457396736023E-4
