ActionGeo_CountryCode,EventRootCode,Percentage of Events
AU,02,0.008533849469933576
AU,03,0.005322658690010118
AU,18,9.237672106629129E-4
