ActionGeo_CountryCode,EventRootCode,Percentage of Events
KH,01,4.3988914793472047E-4
KH,02,3.5191131834777636E-4
KH,03,2.1994457396736023E-4
KH,18,8.797782958694409E-5
