ActionGeo_CountryCode,EventRootCode,Percentage of Events
AR,18,8.797782958694409E-5
AR,19,2.1994457396736023E-4
AT,01,5.718558923151366E-4
AT,02,3.959002331412484E-4
