ActionGeo_CountryCode,EventRootCode,Percentage of Events
TH,03,8.797782958694409E-4
TH,18,8.797782958694409E-5
TH,19,3.959002331412484E-4
TJ,01,1.3196674438041613E-4
