ActionGeo_CountryCode,EventRootCode,Percentage of Events
BN,03,8.797782958694409E-5
BN,19,4.3988914793472045E-5
BO,01,4.3988914793472045E-5
BO,02,4.3988914793472045E-5
