ActionGeo_CountryCode,EventRootCode,Percentage of Events
CO,02,3.079224035543043E-4
CO,03,2.1994457396736023E-4
CO,18,1.7595565917388818E-4
CO,19,3.5191131834777636E-4
