ActionGeo_CountryCode,EventRootCode,Percentage of Events
GL,01,4.3988914793472045E-5
GL,03,4.3988914793472045E-5
GM,01,0.002683323802401795
GM,02,0.001891523336119298
