ActionGeo_CountryCode,EventRootCode,Percentage of Events
DM,02,8.797782958694409E-5
DM,03,4.3988914793472045E-5
DO,01,8.797782958694409E-5
DO,02,4.3988914793472045E-5
