ActionGeo_CountryCode,EventRootCode,Percentage of Events
EC,03,3.079224035543043E-4
EC,19,4.3988914793472045E-5
EE,03,1.3196674438041613E-4
EG,01,0.00365107992785818
