ActionGeo_CountryCode,EventRootCode,Percentage of Events
ES,01,0.0012316896142172172
ES,02,9.237672106629129E-4
ES,03,6.598337219020807E-4
ES,18,1.7595565917388818E-4
