ActionGeo_CountryCode,EventRootCode,Percentage of Events
FJ,02,4.3988914793472047E-4
FJ,03,7.038226366955527E-4
FJ,18,4.3988914793472045E-5
