ActionGeo_CountryCode,EventRootCode,Percentage of Events
LR,03,1.3196674438041613E-4
LR,19,1.3196674438041613E-4
LS,01,4.3988914793472045E-5
