ActionGeo_CountryCode,EventRootCode,Percentage of Events
PS,02,2.6393348876083226E-4
PS,03,8.797782958694409E-5
PS,18,8.797782958694409E-5
PS,19,5.278669775216645E-4
