ActionGeo_CountryCode,EventRootCode,Percentage of Events
KW,01,9.237672106629129E-4
KW,02,4.838780627281925E-4
KW,03,7.038226366955527E-4
KW,18,4.3988914793472045E-5
