ActionGeo_CountryCode,EventRootCode,Percentage of Events
AZ,19,2.6393348876083226E-4
BA,01,2.1994457396736023E-4
BA,19,8.797782958694409E-5
BB,01,8.797782958694409E-5
