ActionGeo_CountryCode,EventRootCode,Percentage of Events
BJ,19,7.478115514890247E-4
BM,01,1.3196674438041613E-4
BN,01,1.7595565917388818E-4
BN,02,8.797782958694409E-5
