ActionGeo_CountryCode,EventRootCode,Percentage of Events
GB,03,0.006510359389433863
GB,18,0.0015396120177715215
GB,19,0.002991246205956099
GB,20,4.3988914793472045E-5
