ActionGeo_CountryCode,EventRootCode,Percentage of Events
VI,02,4.3988914793472045E-5
VM,01,0.0010117450402498571
VM,02,7.038226366955527E-4
