ActionGeo_CountryCode,EventRootCode,Percentage of Events
NP,03,3.5191131834777636E-4
NP,18,4.3988914793472045E-5
NP,19,8.797782958694409E-5
