ActionGeo_CountryCode,EventRootCode,Percentage of Events
ID,19,7.038226366955527E-4
IL,01,0.005190691945629701
IL,02,0.002111467910086658
IL,03,0.0024633792284344345
