ActionGeo_CountryCode,EventRootCode,Percentage of Events
OS,02,8.797782958694409E-5
OS,03,2.6393348876083226E-4
PA,01,4.838780627281925E-4
PA,02,8.797782958694409E-5
