ActionGeo_CountryCode,EventRootCode,Percentage of Events
GT,03,3.959002331412484E-4
GT,19,1.3196674438041613E-4
GU,02,4.3988914793472045E-5
GW,02,4.3988914793472045E-5
