ActionGeo_CountryCode,EventRootCode,Percentage of Events
SE,03,2.6393348876083226E-4
SE,18,8.797782958694409E-5
SE,19,1.3196674438041613E-4
SG,01,8.357893810759688E-4
