ActionGeo_CountryCode,EventRootCode,Percentage of Events
OM,01,4.3988914793472045E-5
OM,03,8.797782958694409E-5
OS,01,2.1994457396736023E-4
