ActionGeo_CountryCode,EventRootCode,Percentage of Events
VE,02,2.6393348876083226E-4
VE,03,3.079224035543043E-4
VE,19,4.3988914793472045E-5
VI,01,8.797782958694409E-5
