ActionGeo_CountryCode,EventRootCode,Percentage of Events
ZA,02,0.0013196674438041615
ZA,03,0.0010117450402498571
ZA,18,1.3196674438041613E-4
ZA,19,0.0011877006994237451
