ActionGeo_CountryCode,EventRootCode,Percentage of Events
BS,19,4.3988914793472045E-5
BT,01,4.3988914793472045E-5
BT,02,4.3988914793472045E-5
