ActionGeo_CountryCode,EventRootCode,Percentage of Events
LK,03,8.797782958694409E-4
LK,19,3.079224035543043E-4
LO,01,8.797782958694409E-5
LO,02,4.3988914793472045E-5
