ActionGeo_CountryCode,EventRootCode,Percentage of Events
LB,02,3.079224035543043E-4
LB,03,5.278669775216645E-4
LB,18,3.079224035543043E-4
LB,19,9.67756125456385E-4
