ActionGeo_CountryCode,EventRootCode,Percentage of Events
SO,01,3.079224035543043E-4
SO,02,5.278669775216645E-4
SO,03,4.3988914793472045E-5
