ActionGeo_CountryCode,EventRootCode,Percentage of Events
IR,01,0.004354902564553733
IR,02,0.002067478995293186
IR,03,0.0036950688426516517
