ActionGeo_CountryCode,EventRootCode,Percentage of Events
MK,03,1.3196674438041613E-4
MK,19,1.7595565917388818E-4
ML,01,2.1994457396736023E-4
ML,02,4.3988914793472045E-5
