ActionGeo_CountryCode,EventRootCode,Percentage of Events
GH,18,1.7595565917388818E-4
GH,19,2.1994457396736023E-4
GI,01,4.3988914793472045E-5
GI,03,4.3988914793472045E-5
