ActionGeo_CountryCode,EventRootCode,Percentage of Events
KE,18,8.797782958694409E-5
KE,19,8.797782958694409E-4
KG,01,8.797782958694409E-5
KG,02,8.797782958694409E-5
