ActionGeo_CountryCode,EventRootCode,Percentage of Events
ZM,01,0.0011877006994237451
ZM,02,7.478115514890247E-4
ZM,03,2.6393348876083226E-4
