ActionGeo_CountryCode,EventRootCode,Percentage of Events
JO,03,7.038226366955527E-4
JO,18,2.6393348876083226E-4
JO,19,4.838780627281925E-4
JP,01,0.0032551796947169315
