ActionGeo_CountryCode,EventRootCode,Percentage of Events
JE,01,5.718558923151366E-4
JE,02,7.038226366955527E-4
JE,03,4.838780627281925E-4
JE,19,2.1994457396736023E-4
