ActionGeo_CountryCode,EventRootCode,Percentage of Events
SD,18,4.3988914793472045E-5
SD,19,4.3988914793472047E-4
SE,01,3.959002331412484E-4
SE,02,3.5191131834777636E-4
