ActionGeo_CountryCode,EventRootCode,Percentage of Events
SI,01,1.3196674438041613E-4
SI,03,8.797782958694409E-5
SL,01,1.3196674438041613E-4
SL,02,1.3196674438041613E-4
