ActionGeo_CountryCode,EventRootCode,Percentage of Events
SA,03,7.918004662824968E-4
SA,18,4.3988914793472045E-5
SA,19,0.002111467910086658
SB,01,8.797782958694409E-5
