ActionGeo_CountryCode,EventRootCode,Percentage of Events
MM,01,6.158448071086086E-4
MM,02,8.797782958694409E-5
MM,03,2.6393348876083226E-4
MM,18,1.3196674438041613E-4
