ActionGeo_CountryCode,EventRootCode,Percentage of Events
RW,01,5.718558923151366E-4
RW,02,7.478115514890247E-4
RW,03,1.3196674438041613E-4
RW,18,2.1994457396736023E-4
