ActionGeo_CountryCode,EventRootCode,Percentage of Events
ML,03,2.1994457396736023E-4
ML,18,4.3988914793472045E-5
ML,19,3.959002331412484E-4
