ActionGeo_CountryCode,EventRootCode,Percentage of Events
NI,01,2.1994457396736023E-4
NI,02,1.7595565917388818E-4
NI,03,1.3196674438041613E-4
NL,01,7.918004662824968E-4
