ActionGeo_CountryCode,EventRootCode,Percentage of Events
TJ,19,4.3988914793472045E-5
TM,02,8.797782958694409E-5
TM,18,1.3196674438041613E-4
TN,01,8.357893810759688E-4
