ActionGeo_CountryCode,EventRootCode,Percentage of Events
MX,02,0.003211190779923459
MX,03,0.0015836009325649937
MX,18,2.1994457396736023E-4
MX,19,0.0017595565917388819
