ActionGeo_CountryCode,EventRootCode,Percentage of Events
CZ,03,1.7595565917388818E-4
DA,01,3.079224035543043E-4
DA,02,8.797782958694409E-5
DA,03,4.3988914793472045E-5
