ActionGeo_CountryCode,EventRootCode,Percentage of Events
VA,03,1.3196674438041613E-4
VA,19,4.3988914793472045E-5
VC,01,8.797782958694409E-5
VE,01,0.0010117450402498571
