ActionGeo_CountryCode,EventRootCode,Percentage of Events
LT,01,4.3988914793472047E-4
LT,02,8.797782958694409E-5
LT,18,8.797782958694409E-5
LT,19,0.0014076452733911054
