ActionGeo_CountryCode,EventRootCode,Percentage of Events
YE,18,8.797782958694409E-5
YE,19,8.797782958694409E-4
YI,19,3.079224035543043E-4
ZA,01,0.0024193903136409626
