ActionGeo_CountryCode,EventRootCode,Percentage of Events
TN,02,8.797782958694409E-5
TN,03,2.6393348876083226E-4
TN,18,1.7595565917388818E-4
