ActionGeo_CountryCode,EventRootCode,Percentage of Events
DA,19,1.3196674438041613E-4
DJ,01,8.797782958694409E-5
DJ,19,1.3196674438041613E-4
