ActionGeo_CountryCode,EventRootCode,Percentage of Events
PT,18,1.3196674438041613E-4
PT,19,4.3988914793472045E-5
PY,03,8.797782958694409E-5
QA,01,5.278669775216645E-4
