ActionGeo_CountryCode,EventRootCode,Percentage of Events
PE,19,8.797782958694409E-5
PF,01,8.797782958694409E-5
PG,01,1.3196674438041613E-4
PG,02,4.3988914793472045E-5
