ActionGeo_CountryCode,EventRootCode,Percentage of Events
SB,03,4.3988914793472045E-5
SC,01,1.7595565917388818E-4
SC,02,8.797782958694409E-5
SC,03,1.3196674438041613E-4
