ActionGeo_CountryCode,EventRootCode,Percentage of Events
ZW,03,0.0011877006994237451
ZW,18,1.7595565917388818E-4
ZW,19,6.158448071086086E-4
