ActionGeo_CountryCode,EventRootCode,Percentage of Events
AT,03,8.797782958694409E-4
AT,18,1.3196674438041613E-4
AT,19,3.959002331412484E-4
AU,01,0.01420841947829147
