ActionGeo_CountryCode,EventRootCode,Percentage of Events
AM,02,2.6393348876083226E-4
AM,03,8.797782958694409E-5
AM,18,4.3988914793472045E-5
AM,19,2.1994457396736023E-4
