ActionGeo_CountryCode,EventRootCode,Percentage of Events
MW,02,1.7595565917388818E-4
MW,18,4.3988914793472045E-5
MX,01,0.0021554568248801304
