ActionGeo_CountryCode,EventRootCode,Percentage of Events
BE,02,6.598337219020807E-4
BE,03,8.797782958694409E-5
BE,18,2.6393348876083226E-4
BE,19,5.278669775216645E-4
