ActionGeo_CountryCode,EventRootCode,Percentage of Events
PK,18,0.0011877006994237451
PK,19,0.00624642590067303
PL,01,7.478115514890247E-4
PL,02,3.959002331412484E-4
