ActionGeo_CountryCode,EventRootCode,Percentage of Events
KZ,03,3.5191131834777636E-4
LA,01,3.079224035543043E-4
LB,01,6.598337219020807E-4
