ActionGeo_CountryCode,EventRootCode,Percentage of Events
KR,01,9.237672106629129E-4
KR,02,3.5191131834777636E-4
KR,03,9.67756125456385E-4
KR,18,2.6393348876083226E-4
