ActionGeo_CountryCode,EventRootCode,Percentage of Events
KR,19,8.797782958694409E-4
KV,01,1.7595565917388818E-4
KV,02,8.797782958694409E-5
