ActionGeo_CountryCode,EventRootCode,Percentage of Events
NL,19,4.3988914793472045E-5
NO,01,3.5191131834777636E-4
NO,02,1.3196674438041613E-4
NO,03,2.1994457396736023E-4
