ActionGeo_CountryCode,EventRootCode,Percentage of Events
QA,02,4.3988914793472045E-5
QA,03,9.237672106629129E-4
QA,18,4.3988914793472045E-5
QA,19,4.3988914793472045E-5
