ActionGeo_CountryCode,EventRootCode,Percentage of Events
KW,19,2.6393348876083226E-4
KY,03,4.3988914793472045E-5
KZ,01,1.7595565917388818E-4
KZ,02,5.718558923151366E-4
