ActionGeo_CountryCode,EventRootCode,Percentage of Events
CF,01,4.3988914793472045E-5
CF,02,8.797782958694409E-5
CG,01,1.7595565917388818E-4
