ActionGeo_CountryCode,EventRootCode,Percentage of Events
ID,02,6.598337219020807E-4
ID,03,0.0012756785290106893
ID,18,4.3988914793472045E-5
