ActionGeo_CountryCode,EventRootCode,Percentage of Events
LY,19,7.038226366955527E-4
MA,01,8.797782958694409E-5
MA,02,1.3196674438041613E-4
MA,03,4.3988914793472045E-5
