ActionGeo_CountryCode,EventRootCode,Percentage of Events
NA,19,4.3988914793472045E-5
NE,01,3.959002331412484E-4
NE,02,4.838780627281925E-4
NE,03,1.3196674438041613E-4
