ActionGeo_CountryCode,EventRootCode,Percentage of Events
UP,18,3.079224035543043E-4
UP,19,7.918004662824968E-4
US,01,0.1630229182246074
