ActionGeo_CountryCode,EventRootCode,Percentage of Events
RS,02,4.3988914793472045E-5
RS,19,4.3988914793472045E-5
RU,01,0.007214182026129415
