ActionGeo_CountryCode,EventRootCode,Percentage of Events
NO,18,2.1994457396736023E-4
NO,19,4.3988914793472047E-4
NP,01,0.0011877006994237451
NP,02,3.959002331412484E-4
