ActionGeo_CountryCode,EventRootCode,Percentage of Events
SS,02,8.797782958694409E-5
SS,03,2.6393348876083226E-4
SS,18,8.797782958694409E-5
SS,19,3.079224035543043E-4
