ActionGeo_CountryCode,EventRootCode,Percentage of Events
BH,18,4.3988914793472045E-5
BH,19,4.3988914793472045E-5
BI,01,1.7595565917388818E-4
BI,02,1.7595565917388818E-4
