ActionGeo_CountryCode,EventRootCode,Percentage of Events
RB,20,8.797782958694409E-5
RE,01,8.797782958694409E-5
RE,19,8.797782958694409E-5
RO,01,1.7595565917388818E-4
