ActionGeo_CountryCode,EventRootCode,Percentage of Events
AO,01,1.3196674438041613E-4
AO,02,4.3988914793472045E-5
AO,03,2.1994457396736023E-4
AQ,03,4.3988914793472045E-5
