ActionGeo_CountryCode,EventRootCode,Percentage of Events
US,02,0.08934148594554173
US,03,0.08494259446619452
US,18,0.016451854132758546
US,19,0.07258170940922888
