ActionGeo_CountryCode,EventRootCode,Percentage of Events
RB,01,1.3196674438041613E-4
RB,02,4.3988914793472045E-5
RB,19,4.3988914793472045E-5
