ActionGeo_CountryCode,EventRootCode,Percentage of Events
NZ,02,8.797782958694409E-4
NZ,03,0.0015836009325649937
NZ,18,2.1994457396736023E-4
NZ,19,9.67756125456385E-4
