ActionGeo_CountryCode,EventRootCode,Percentage of Events
SY,01,0.006070470241499142
SY,02,0.002639334887608323
SY,03,0.0035631020982712356
SY,18,8.797782958694409E-4
