ActionGeo_CountryCode,EventRootCode,Percentage of Events
IQ,02,0.0017595565917388819
IQ,03,0.0015836009325649937
IQ,18,7.478115514890247E-4
IQ,19,0.00453085822372762
