ActionGeo_CountryCode,EventRootCode,Percentage of Events
IN,18,0.0011877006994237451
IN,19,0.005762547837944838
IN,20,4.3988914793472045E-5
IQ,01,0.003915013416619012
