ActionGeo_CountryCode,EventRootCode,Percentage of Events
TR,19,0.003035235120749571
TR,20,4.3988914793472045E-5
TT,01,3.959002331412484E-4
