ActionGeo_CountryCode,EventRootCode,Percentage of Events
RO,02,1.7595565917388818E-4
RO,03,1.3196674438041613E-4
RO,19,4.3988914793472045E-5
RS,01,1.3196674438041613E-4
