ActionGeo_CountryCode,EventRootCode,Percentage of Events
SO,18,4.3988914793472045E-5
SO,19,4.838780627281925E-4
SR,03,4.3988914793472045E-5
SS,01,1.7595565917388818E-4
