ActionGeo_CountryCode,EventRootCode,Percentage of Events
LU,01,2.1994457396736023E-4
LU,02,4.3988914793472045E-5
LU,03,3.5191131834777636E-4
LV,01,4.3988914793472045E-5
