ActionGeo_CountryCode,EventRootCode,Percentage of Events
PG,18,4.3988914793472045E-5
PG,19,8.797782958694409E-5
PH,01,0.0033431575243038753
PH,02,7.918004662824968E-4
