ActionGeo_CountryCode,EventRootCode,Percentage of Events
AG,01,4.3988914793472045E-5
AG,02,4.3988914793472045E-5
AG,03,1.7595565917388818E-4
AL,01,1.7595565917388818E-4
