ActionGeo_CountryCode,EventRootCode,Percentage of Events
ZM,18,4.3988914793472045E-5
ZM,19,4.3988914793472045E-5
ZW,01,0.002859279461575683
ZW,02,0.0015396120177715215
