ActionGeo_CountryCode,EventRootCode,Percentage of Events
GZ,03,8.797782958694409E-5
GZ,19,4.3988914793472045E-5
HK,01,3.959002331412484E-4
