ActionGeo_CountryCode,EventRootCode,Percentage of Events
BZ,18,1.3196674438041613E-4
BZ,19,4.3988914793472045E-5
CA,01,0.012976729864074252
