ActionGeo_CountryCode,EventRootCode,Percentage of Events
JM,01,7.038226366955527E-4
JM,02,1.7595565917388818E-4
JM,03,1.7595565917388818E-4
JM,18,4.3988914793472045E-5
