ActionGeo_CountryCode,EventRootCode,Percentage of Events
SY,19,0.008181938151585801
SZ,01,4.3988914793472045E-5
TD,01,1.3196674438041613E-4
TD,02,4.3988914793472045E-5
