ActionGeo_CountryCode,EventRootCode,Percentage of Events
MY,19,4.838780627281925E-4
MZ,01,4.3988914793472045E-5
MZ,03,8.797782958694409E-5
