ActionGeo_CountryCode,EventRootCode,Percentage of Events
NE,18,1.7595565917388818E-4
NE,19,4.838780627281925E-4
NG,01,0.006774292878194695
