ActionGeo_CountryCode,EventRootCode,Percentage of Events
TW,19,4.3988914793472045E-5
TZ,01,2.1994457396736023E-4
TZ,02,4.3988914793472045E-5
