ActionGeo_CountryCode,EventRootCode,Percentage of Events
LB,20,8.797782958694409E-5
LC,01,1.3196674438041613E-4
LC,02,4.3988914793472045E-5
LC,03,4.3988914793472045E-5
