ActionGeo_CountryCode,EventRootCode,Percentage of Events
IS,03,8.797782958694409E-5
IS,19,8.797782958694409E-5
IT,01,0.0025953459728148506
IT,02,0.0014076452733911054
