ActionGeo_CountryCode,EventRootCode,Percentage of Events
KH,19,1.3196674438041613E-4
KN,01,4.3988914793472045E-5
KP,01,0.00193551225091277
