ActionGeo_CountryCode,EventRootCode,Percentage of Events
GD,02,4.3988914793472045E-5
GG,01,3.959002331412484E-4
GG,02,8.797782958694409E-5
GG,03,3.079224035543043E-4
