ActionGeo_CountryCode,EventRootCode,Percentage of Events
GM,03,0.0025513570580213787
GM,18,7.038226366955527E-4
GM,19,0.0027273127171952667
