ActionGeo_CountryCode,EventRootCode,Percentage of Events
CR,01,1.7595565917388818E-4
CU,01,0.0018475344213258259
CU,02,6.158448071086086E-4
CU,03,0.0024193903136409626
