ActionGeo_CountryCode,EventRootCode,Percentage of Events
GR,19,4.3988914793472045E-5
GT,01,8.797782958694409E-5
GT,02,1.7595565917388818E-4
