ActionGeo_CountryCode,EventRootCode,Percentage of Events
TG,19,1.3196674438041613E-4
TH,01,0.001891523336119298
TH,02,3.5191131834777636E-4
