ActionGeo_CountryCode,EventRootCode,Percentage of Events
VM,03,3.5191131834777636E-4
VM,18,4.3988914793472045E-5
VM,19,7.478115514890247E-4
VU,01,8.797782958694409E-5
