ActionGeo_CountryCode,EventRootCode,Percentage of Events
SL,03,1.3196674438041613E-4
SL,19,4.3988914793472045E-5
SN,01,4.3988914793472045E-5
SN,02,4.3988914793472045E-5
