ActionGeo_CountryCode,EventRootCode,Percentage of Events
HT,02,3.079224035543043E-4
HT,03,1.7595565917388818E-4
HT,19,4.3988914793472045E-5
HU,01,2.6393348876083226E-4
