ActionGeo_CountryCode,EventRootCode,Percentage of Events
AL,03,3.079224035543043E-4
AL,19,4.3988914793472045E-5
AM,01,4.3988914793472045E-5
