ActionGeo_CountryCode,EventRootCode,Percentage of Events
BO,03,1.7595565917388818E-4
BO,19,4.3988914793472045E-5
BR,01,0.0016275898473584658
