ActionGeo_CountryCode,EventRootCode,Percentage of Events
FR,18,3.5191131834777636E-4
FR,19,0.0024633792284344345
GA,01,4.3988914793472045E-5
GA,02,4.3988914793472045E-5
