ActionGeo_CountryCode,EventRootCode,Percentage of Events
MA,19,4.3988914793472045E-5
MC,01,1.7595565917388818E-4
MD,01,8.797782958694409E-5
