ActionGeo_CountryCode,EventRootCode,Percentage of Events
SG,02,6.158448071086086E-4
SG,03,2.6393348876083226E-4
SG,19,1.3196674438041613E-4
