ActionGeo_CountryCode,EventRootCode,Percentage of Events
BB,03,4.3988914793472045E-5
BD,01,0.0011877006994237451
BD,02,4.3988914793472047E-4
