ActionGeo_CountryCode,EventRootCode,Percentage of Events
RU,02,0.0032991686095104034
RU,03,0.0024633792284344345
RU,18,5.718558923151366E-4
RU,19,0.004046980160999429
