ActionGeo_CountryCode,EventRootCode,Percentage of Events
GN,01,3.079224035543043E-4
GN,02,4.3988914793472045E-5
GN,18,4.3988914793472045E-5
GP,01,4.3988914793472045E-5
