ActionGeo_CountryCode,EventRootCode,Percentage of Events
CA,20,4.3988914793472045E-5
CD,01,1.3196674438041613E-4
CD,03,4.3988914793472045E-5
CD,18,1.3196674438041613E-4
