ActionGeo_CountryCode,EventRootCode,Percentage of Events
JM,19,3.5191131834777636E-4
JO,01,0.0010997228698368011
JO,02,4.3988914793472047E-4
