ActionGeo_CountryCode,EventRootCode,Percentage of Events
MD,02,8.797782958694409E-5
MD,19,1.3196674438041613E-4
MH,01,8.797782958694409E-5
MH,02,8.797782958694409E-5
