ActionGeo_CountryCode,EventRootCode,Percentage of Events
IR,18,4.838780627281925E-4
IR,19,0.0014956231029780494
IS,01,2.1994457396736023E-4
IS,02,1.3196674438041613E-4
