ActionGeo_CountryCode,EventRootCode,Percentage of Events
PL,03,1.3196674438041613E-4
PL,18,8.797782958694409E-5
PL,19,5.718558923151366E-4
