ActionGeo_CountryCode,EventRootCode,Percentage of Events
HR,01,4.3988914793472045E-5
HR,02,8.797782958694409E-5
HT,01,5.278669775216645E-4
