ActionGeo_CountryCode,EventRootCode,Percentage of Events
BJ,01,4.3988914793472045E-5
BJ,02,2.1994457396736023E-4
BJ,03,4.3988914793472045E-5
