ActionGeo_CountryCode,EventRootCode,Percentage of Events
PH,20,4.3988914793472045E-5
PK,01,0.008665816214313993
PK,02,0.002859279461575683
PK,03,0.002771301631988739
