ActionGeo_CountryCode,EventRootCode,Percentage of Events
FI,02,2.1994457396736023E-4
FI,03,8.797782958694409E-5
FI,19,2.6393348876083226E-4
FJ,01,0.0013636563585976333
