ActionGeo_CountryCode,EventRootCode,Percentage of Events
TR,01,0.0035631020982712356
TR,02,0.00193551225091277
TR,03,0.0016715787621519377
TR,18,4.838780627281925E-4
