ActionGeo_CountryCode,EventRootCode,Percentage of Events
CL,19,4.3988914793472045E-5
CM,01,2.1994457396736023E-4
CM,02,4.3988914793472045E-5
CM,03,8.797782958694409E-5
