ActionGeo_CountryCode,EventRootCode,Percentage of Events
TZ,03,1.7595565917388818E-4
UG,01,8.357893810759688E-4
UG,02,7.038226366955527E-4
UG,03,3.959002331412484E-4
