ActionGeo_CountryCode,EventRootCode,Percentage of Events
LY,01,7.038226366955527E-4
LY,02,5.278669775216645E-4
LY,03,3.959002331412484E-4
LY,18,8.797782958694409E-5
