ActionGeo_CountryCode,EventRootCode,Percentage of Events
LO,03,4.3988914793472045E-5
LO,19,8.797782958694409E-5
LR,01,1.3196674438041613E-4
LR,02,1.3196674438041613E-4
