ActionGeo_CountryCode,EventRootCode,Percentage of Events
AR,01,4.3988914793472047E-4
AR,02,1.3196674438041613E-4
AR,03,3.079224035543043E-4
