ActionGeo_CountryCode,EventRootCode,Percentage of Events
CN,18,4.838780627281925E-4
CN,19,0.002243434654467074
CO,01,5.718558923151366E-4
