ActionGeo_CountryCode,EventRootCode,Percentage of Events
AE,18,4.3988914793472045E-5
AE,19,3.5191131834777636E-4
AF,01,0.00193551225091277
