ActionGeo_CountryCode,EventRootCode,Percentage of Events
MU,03,1.7595565917388818E-4
MV,01,4.3988914793472045E-5
MV,19,4.3988914793472045E-5
MW,01,7.478115514890247E-4
