ActionGeo_CountryCode,EventRootCode,Percentage of Events
LV,02,1.7595565917388818E-4
LV,03,4.3988914793472045E-5
LV,19,8.797782958694409E-5
