ActionGeo_CountryCode,EventRootCode,Percentage of Events
GA,19,4.3988914793472045E-5
GB,01,0.013988474904324111
GB,02,0.0069942374521620556
