ActionGeo_CountryCode,EventRootCode,Percentage of Events
TT,02,1.3196674438041613E-4
TT,03,1.3196674438041613E-4
TT,18,4.3988914793472045E-5
TT,19,1.7595565917388818E-4
