ActionGeo_CountryCode,EventRootCode,Percentage of Events
GY,01,4.838780627281925E-4
GY,02,3.079224035543043E-4
GY,19,4.3988914793472045E-5
GZ,01,1.3196674438041613E-4
