ActionGeo_CountryCode,EventRootCode,Percentage of Events
HN,02,4.3988914793472045E-5
HN,03,4.3988914793472045E-5
HN,18,1.3196674438041613E-4
HN,19,2.6393348876083226E-4
