ActionGeo_CountryCode,EventRootCode,Percentage of Events
VU,02,4.3988914793472045E-5
WS,01,8.797782958694409E-5
WS,02,8.797782958694409E-5
WS,19,8.797782958694409E-5
