ActionGeo_CountryCode,EventRootCode,Percentage of Events
CH,18,3.5191131834777636E-4
CH,19,7.038226366955527E-4
CK,01,0.0011877006994237451
CL,01,4.3988914793472047E-4
