ActionGeo_CountryCode,EventRootCode,Percentage of Events
KP,02,0.0010117450402498571
KP,03,0.0011877006994237451
KP,18,4.3988914793472045E-5
KP,19,0.0010997228698368011
