ActionGeo_CountryCode,EventRootCode,Percentage of Events
UG,19,4.3988914793472047E-4
UP,01,0.0013636563585976333
UP,02,6.598337219020807E-4
UP,03,0.0014516341881845776
