ActionGeo_CountryCode,EventRootCode,Percentage of Events
JP,02,0.0011437117846302732
JP,03,0.0018475344213258259
JP,18,3.959002331412484E-4
JP,19,0.001055733955043329
