ActionGeo_CountryCode,EventRootCode,Percentage of Events
DZ,19,1.3196674438041613E-4
EC,01,2.1994457396736023E-4
EC,02,4.3988914793472045E-5
