ActionGeo_CountryCode,EventRootCode,Percentage of Events
MZ,19,4.3988914793472045E-5
NA,01,3.959002331412484E-4
NA,02,1.3196674438041613E-4
NA,03,1.7595565917388818E-4
