ActionGeo_CountryCode,EventRootCode,Percentage of Events
TW,01,2.1994457396736023E-4
TW,02,3.079224035543043E-4
TW,03,8.797782958694409E-5
TW,18,4.3988914793472045E-5
