ActionGeo_CountryCode,EventRootCode,Percentage of Events
ES,19,6.158448071086086E-4
ET,01,6.598337219020807E-4
ET,02,3.5191131834777636E-4
