ActionGeo_CountryCode,EventRootCode,Percentage of Events
ET,03,3.5191131834777636E-4
ET,19,1.7595565917388818E-4
FG,01,4.3988914793472045E-5
FI,01,8.797782958694409E-4
