ActionGeo_CountryCode,EventRootCode,Percentage of Events
PA,03,1.3196674438041613E-4
PA,18,4.3988914793472045E-5
PA,19,4.3988914793472045E-5
PE,01,1.7595565917388818E-4
