ActionGeo_CountryCode,EventRootCode,Percentage of Events
PT,01,4.3988914793472047E-4
PT,02,1.7595565917388818E-4
PT,03,2.1994457396736023E-4
