ActionGeo_CountryCode,EventRootCode,Percentage of Events
SV,01,1.7595565917388818E-4
SV,02,8.797782958694409E-5
SV,19,7.478115514890247E-4
